FID,LAD25CD,LAD25NM,LAD25NMW,BNG_E,BNG_N,LONG,LAT,Shape__Area,Shape__Length,GlobalID
1,E06000001,Hartlepool, ,447161,531473,-1.27017398779536,54.6761323913085,93887000.9520721,73982.4086478572,847f2c4b-a7cf-4c71-840c-0864853246d5
2,E06000002,Middlesbrough, ,451141,516887,-1.21099807940313,54.5446790013875,53881564.2714233,44481.6912420956,f1925b75-6267-417d-a77a-05cdc4c6b1b3
3,E06000003,Redcar and Cleveland, ,464330,519596,-1.00656526759467,54.5675202618822,245107098.176788,97674.1770850586,36b1db27-3dfa-4ed6-8e81-36bf3abeeacc
4,E06000004,Stockton-on-Tees, ,444940,518179,-1.3066458992346,54.5568759076187,204943280.156723,123628.292300529,22a6adf7-e812-4c09-89b1-6753ec35de93
5,E06000005,Darlington, ,428029,515648,-1.56835597396882,54.5353447160818,197489464.805466,107285.516031304,309364b5-9b5c-4f9c-81f5-8a3a79699fd1
6,E06000006,Halton, ,354246,382146,-2.68853781448645,53.3342479420794,79081985.8143158,77872.3443673011,972d4e2f-b91a-4edb-bb30-0e490798c3ea
7,E06000007,Warrington, ,362744,388457,-2.56167806038101,53.3916416280891,180628504.177437,114759.41135419,0d4d312a-c58c-416a-a681-640f939af781
8,E06000008,Blackburn with Darwen, ,369489,422806,-2.46361948728584,53.7008055684334,137017280.812851,65628.2358232989,7cd507cf-cadf-4f49-962d-2c7285827ad9
9,E06000009,Blackpool, ,332817,436635,-3.02202517683391,53.8216419104146,34894024.4355011,34337.2870250346,2efeafbc-ce4d-4826-8864-cedd95f9d781
10,E06000010,"Kingston upon Hull, City of", ,511892,431651,-0.303855490134563,53.769213088188,71578852.244339,64694.938629821,686504df-7c38-4848-842b-0329b2bb42ec
11,E06000011,East Riding of Yorkshire, ,488056,443597,-0.661958731987238,53.8811217480949,2404688263.33051,504520.91898126,bb9051a5-b1bc-46b5-9af1-3d636d4374d5
12,E06000012,North East Lincolnshire, ,523465,404564,-0.139110270904596,53.5232713049509,192623219.842346,93255.6031088582,06c7d62d-7a6a-47f1-bfce-5711f6c476c8
13,E06000013,North Lincolnshire, ,497800,410993,-0.524076408952621,53.5864317438013,846541214.473999,244552.235181937,7da812ee-664a-4bbd-8016-cd1f6f40b643
14,E06000014,York, ,460863,452590,-1.07376818462332,53.9658335085599,271940652.375351,102227.970372637,d585c240-0aad-4b45-82ca-df53c4cc44c9
15,E06000015,Derby, ,435611,335375,-1.47186585051362,52.9146429913456,78017805.8896484,50138.6542463907,e3630408-5c24-4b5e-a7d7-fd3c7a420e50
16,E06000016,Leicester, ,458946,304594,-1.13040939636192,52.6359206524547,73337115.9530411,51950.1486230722,8067fba4-9b9d-4c80-b824-f47f6916e8cf
17,E06000017,Rutland, ,492992,308655,-0.626308489110176,52.6676594057369,393734893.518448,126105.694164941,37c9279b-3d8d-458f-b093-bfc398fe789f
18,E06000018,Nottingham, ,456082,339970,-1.16667589760183,52.9542040432354,74644122.786972,58809.1392751382,32c159bb-f537-4d77-a094-df7efa1627cd
19,E06000019,"Herefordshire, County of", ,349434,242842,-2.73931185513188,52.0816211410206,2179688339.98664,351275.641273428,00d0dbe0-b833-4075-a1a8-9ff0a706068a
20,E06000020,Telford and Wrekin, ,367035,313057,-2.48941116624348,52.7141751272564,290273095.945778,120043.234947029,893441b0-191a-42e2-a5c4-13c95e47c5e2
21,E06000021,Stoke-on-Trent, ,389438,346650,-2.15888838538727,53.0170614775527,93437918.0714722,64520.8847927226,38c09745-505d-45e5-9b82-d594d8997fc6
22,E06000022,Bath and North East Somerset, ,366215,161999,-2.48657299954747,51.3560476859387,351154096.565308,142102.249541696,a2d99183-396a-47d4-a8d6-d90336a40458
23,E06000023,"Bristol, City of", ,359990,174844,-2.57742070034103,51.4711361428123,109657495.628105,109110.924671629,d85d3571-2da6-4e8e-88fc-0b645490c72e
24,E06000024,North Somerset, ,347614,166718,-2.75438335403326,51.3970623952528,374675296.275318,154925.235420129,eb08767f-8c6d-40fb-bd7d-31577d61eabb
25,E06000025,South Gloucestershire, ,367556,183197,-2.46926612493759,51.5467255473153,497022192.461998,142841.297670416,23da73d5-cc63-4b23-b4e4-ccdaf618f2a9
26,E06000026,Plymouth, ,249944,58255,-4.11299187689255,50.4049459944613,79846336.9788866,93640.2044299179,bc48974d-61dd-4655-af14-a1027b254a9a
27,E06000027,Torbay, ,289730,64613,-3.55523593606309,50.4709244728346,62880119.6681976,78083.701917672,d17e20af-c63c-4ec6-948a-c155e1e7a796
28,E06000030,Swindon, ,418550,186565,-1.73369256077325,51.5776478256202,230063195.039627,103992.419508256,3fa8a485-bae7-4425-8f42-863c5ebe7ed5
29,E06000031,Peterborough, ,517372,300777,-0.268744711722559,52.5921468066696,343401671.620529,112773.468148375,c572a17b-5d7c-4974-9d8b-42f2fad257d9
30,E06000032,Luton, ,508606,222559,-0.423198401266845,51.8910219179292,43352254.552124,34576.5008199604,379186ab-42a8-48bc-851e-fac398b6eb3a
31,E06000033,Southend-on-Sea, ,587777,186837,0.706922585829193,51.5491761906351,41673523.5657349,57782.1372156914,93b21e11-3206-4a61-a7a5-533f0b67f5b8
32,E06000034,Thurrock, ,562124,181588,0.334874161783657,51.509964607903,163835666.833519,116699.675423631,89cea284-cdd3-433f-9def-ba1da5bdae75
33,E06000035,Medway, ,578207,175198,0.563173541123793,51.4477274679865,193722614.930191,249569.46409588,36aa744d-e769-47e8-9832-e4f0b6d67b52
34,E06000036,Bracknell Forest, ,488168,168791,-0.73364639396613,51.4112968265562,109373994.12104,62535.269327502,d6b19fd2-8d47-4f5d-a4ae-a284a9052968
35,E06000037,West Berkshire, ,450573,172095,-1.27367043194754,51.445593648316,704176460.994225,167261.356326581,a995fa00-c607-435d-99d2-ce39a33f3c14
36,E06000038,Reading, ,470223,173153,-0.990753199924279,51.4530154874339,40394078.4669876,39359.0327751555,74b51f02-1669-46c3-8c53-01aad1e1d69a
37,E06000039,Slough, ,498920,179246,-0.576175806292735,51.5035033907138,32542195.7485504,44186.0959757972,00d433cd-47b7-494e-b11c-1246f5160842
38,E06000040,Windsor and Maidenhead, ,492079,176541,-0.675413634530745,51.4803430607076,198414331.397087,114854.924369402,064d594c-34e5-4248-aac0-091a73f148bf
39,E06000041,Wokingham, ,476624,169903,-0.899355512944487,51.4229689747344,178973878.683929,86977.6691470913,4ec5a412-bebc-4c8c-9687-3580099f6d88
40,E06000042,Milton Keynes, ,486408,242308,-0.740705275721632,52.0724178688124,308645139.007347,103030.076601456,250870a6-54a1-480b-b8f5-76b7df432c14
41,E06000043,Brighton and Hove, ,530278,106850,-0.150813269489536,50.8465065516814,82822053.204834,59540.1398919875,4c4c7962-4fec-4506-b966-f69c6198b524
42,E06000044,Portsmouth, ,465619,101352,-1.07006189695009,50.8080038898522,40386657.0914764,70219.3477532435,221f59d9-6b0d-4969-a86f-e528fd69560e
43,E06000045,Southampton, ,442303,113700,-1.39952838212175,50.9212059714217,49878362.7171021,61534.0332477198,ddd71d08-e02e-4e78-b751-aac928bc2ea6
44,E06000046,Isle of Wight, ,447183,85949,-1.33366284616209,50.6712910497599,379597305.776024,210371.907119845,d663506b-3900-4473-a14e-114f94010539
45,E06000047,County Durham, ,410383,532242,-1.8404772882589,54.6851322480179,2230840332.41725,315832.195652134,a1c1a64f-8988-46be-a8bc-e7c28573e6e9
46,E06000049,Cheshire East, ,380510,363462,-2.29299595432117,53.1679301764093,1166309993.73116,302586.860611984,cd92238d-0c33-4dda-9dd0-4b291d0a7915
47,E06000050,Cheshire West and Chester, ,353097,363145,-2.70298291032111,53.1633637523323,920013944.349693,335688.70067695,9f03cb3c-b541-4164-a124-d575fb99ef69
48,E06000051,Shropshire, ,350227,302957,-2.73667184190132,52.6220980784832,3197339956.23831,582503.674762911,fd5a130b-6bae-4c6d-b0a2-233b6ae4b6bd
49,E06000052,Cornwall, ,212497,64493,-4.64254596062712,50.4502281526531,3549280728.78409,1287291.40143216,14813d81-fbce-4455-83c6-b033405ef809
50,E06000053,Isles of Scilly, ,91327,11447,-6.30217399258523,49.9233284929922,16319062.9448424,119401.744877206,cd935014-d7b1-4db5-8cdf-9cbf0a3c4d8e
51,E06000054,Wiltshire, ,405213,158862,-1.92655862080859,51.3288290863844,3255385892.20318,403523.191335559,55bb507a-77c8-48d4-9183-168b37f4eff3
52,E06000055,Bedford, ,505721,256463,-0.454635133359749,52.1962883774032,476416597.906204,131759.739648732,834cfd1d-c3ba-43f9-a303-06eec1b1cb55
53,E06000056,Central Bedfordshire, ,504615,234492,-0.477543172607158,51.9990354098404,715665966.74276,233156.86445541,24ba6520-c59b-409c-98d7-538ad50d0002
54,E06000057,Northumberland, ,395323,600700,-2.07521904678261,55.3003827264872,5032308420.2861,605750.422223019,9618968e-507b-4758-96d3-05aaacaaebd7
55,E06000058,"Bournemouth, Christchurch and Poole", ,410815,94067,-1.84807019945986,50.7460986610544,162083915.777447,169218.284869235,bcd519db-420c-467c-89fd-36ccb2861b9c
56,E06000059,Dorset, ,370877,99796,-2.41459070623791,50.7969795462014,2490904149.43232,595985.969490674,c37f35c7-7450-4ded-9840-ec90fc2411c6
57,E06000060,Buckinghamshire, ,482503,208562,-0.805738698579926,51.7696703923299,1564941422.89607,362245.382805838,c9597192-f530-4366-9dc0-9e715e63fc86
58,E06000061,North Northamptonshire, ,493590,281719,-0.625048760160605,52.425473283927,986607356.495201,210773.752596675,9c4c5151-7ed9-4893-916c-7d97b412e0cb
59,E06000062,West Northamptonshire, ,467187,263879,-1.01682928407167,52.2689888024008,1380365825.79588,264712.554486721,807c7426-2f79-4e8d-a59f-0a3b1e14e1ae
60,E06000063,Cumberland, ,315764,533086,-3.30816235217549,54.6857570860653,3035824033.32364,761073.654060779,bd40b89e-07ef-41a8-b811-88020c4d5810
61,E06000064,Westmorland and Furness, ,353889,510941,-2.71336711357468,54.4917039615607,3789664566.40805,628696.545468099,562ce4ae-c6d1-4a5d-8865-a46dd7cc3b63
62,E06000065,North Yorkshire, ,429508,466514,-1.55033500566127,54.093702115532,8040037208.4989,875232.988640177,4dcc0ff7-2e30-4396-8ba4-5d12f7357e05
63,E06000066,Somerset, ,309294,131078,-3.29604191350902,51.0718326176882,3451808243.52487,545722.130070133,ee6aa238-46df-47b5-847b-305cba3e2357
64,E07000008,Cambridge, ,545420,257901,0.126436151186008,52.2001770908693,40700500.8226013,37187.9131846131,7df2afe8-c7c7-4db2-b474-28ed89e1619a
65,E07000009,East Cambridgeshire, ,555576,275765,0.28314876952249,52.3578848141666,651225317.778152,234582.106272415,34472ca5-c338-453d-8f40-194e2fee5527
66,E07000010,Fenland, ,536355,294959,0.00892741176408,52.5354495483393,546447843.317291,187526.006416711,9e55d4db-d75f-4c5a-bb03-f4bec204d505
67,E07000011,Huntingdonshire, ,521008,274268,-0.224703767882458,52.3531459292769,912459954.658409,223415.388971807,296cb157-846e-4072-ae44-d6f311331a0e
68,E07000012,South Cambridgeshire, ,543295,247586,0.091017240925655,52.1080566113918,901643191.491348,257536.04012759,bfc4687a-0828-43a1-bf99-618ee16463bf
69,E07000032,Amber Valley, ,436166,348084,-1.46219917450327,53.0288452628082,265441008.588348,109361.717124325,62b34030-8512-4541-9535-455c0152f744
70,E07000033,Bolsover, ,448666,371547,-1.27228091307556,53.238748420491,160331910.467529,96584.6673108081,8706cefe-13e1-4c64-ab84-69a1df263a23
71,E07000034,Chesterfield, ,440049,373358,-1.40115519433631,53.2557439349675,66041203.5161896,52782.1161155446,8248fb07-463b-4f01-841c-f50fab878264
72,E07000035,Derbyshire Dales, ,419699,358494,-1.7070891723424,53.1232752627006,795348257.293633,245579.211267232,d2047a23-2c01-4d1a-8f75-535d4bd7103f
73,E07000036,Erewash, ,443722,338061,-1.35089307667117,52.9381901123034,109640083.128265,73956.5692895174,e6505bc0-1bfb-4cb2-aa85-ad483907e8b8
74,E07000037,High Peak, ,410473,387653,-1.84400422408464,53.3856354715472,540250049.498901,159569.684686481,798133e5-aa74-4bf2-8b2a-e4e6cc082357
75,E07000038,North East Derbyshire, ,437369,362955,-1.44253875948231,53.1624324901245,275612148.133957,161770.282921037,72038a24-6577-45d5-9d3b-1d391b0c9760
76,E07000039,South Derbyshire, ,431443,325363,-1.53480907760412,52.8249028880384,338126518.658035,167945.723031878,2a8e213a-3519-4d5e-82b6-d0a156dd81b8
77,E07000040,East Devon, ,313787,96051,-3.22363999660262,50.757617015752,814241753.75115,220003.973702585,18f9bab2-032a-4481-997b-f8e4424e766f
78,E07000041,Exeter, ,293239,92005,-3.51368599996256,50.717824409715,47035632.7406082,50216.4286040757,23807795-7d5d-4bb2-ae17-2c12a7fb1b84
79,E07000042,Mid Devon, ,288065,108913,-3.59210694292259,50.8688402974727,912916451.145998,247026.51932106,3401d0c6-0853-43d0-961a-7988a5d66019
80,E07000043,North Devon, ,265112,132533,-3.92688791561546,51.0762190346373,1085889069.72432,322366.27710449,5341b7c6-e261-400a-86bc-9a581372e1ac
81,E07000044,South Hams, ,270672,54039,-3.82001679703608,50.3719794129575,886556481.284355,504870.880532369,2dd3b19d-54f2-406d-8842-1e4bb0bafce1
82,E07000045,Teignbridge, ,283144,80205,-3.65289540722717,50.6098105981533,673728834.013159,191921.551960932,bcb5fa58-34c3-4c58-9c32-4ee3c6994b36
83,E07000046,Torridge, ,244206,114334,-4.21728635469926,50.9073911934943,985231409.10762,317784.686566122,2a357563-9aa7-4510-958e-87f1707adf8e
84,E07000047,West Devon, ,256378,86992,-4.0335881654355,50.6648286522796,1161128872.77226,255119.30013387,8e35e807-f400-4620-b92e-a444d053e923
85,E07000061,Eastbourne, ,559339,99575,0.258515981243561,50.773870570217,44159032.0618591,38024.0027557882,71f80843-6622-4203-baaa-489eaf83a7a2
86,E07000062,Hastings, ,581528,110694,0.578395325017467,50.8672443509626,29803408.9265213,34248.3042777533,36943f32-3254-4407-89bb-4598bf2d436a
87,E07000063,Lewes, ,541473,105687,0.007657596822369,50.8334279628163,292113746.246063,168720.564028702,bdb26175-b65c-456d-a919-1e4f6dd51fad
88,E07000064,Rother, ,578721,119666,0.542936999240824,50.9487187577023,511742706.721661,180883.841530575,736395d9-b676-43cf-bf6e-766ad534c20c
89,E07000065,Wealden, ,555048,117181,0.205155925768973,50.9332372335131,834986133.221714,227459.664838277,b86e790d-e102-4ae0-bac3-93130d2c45d7
90,E07000066,Basildon, ,571548,190849,0.475055882374355,51.5903781508125,110016694.615425,85757.9635345076,0a84dd5b-8039-4e1a-8996-98baa92af5d1
91,E07000067,Braintree, ,577253,227337,0.575912095086454,51.9163575686853,611710014.075996,169284.517391182,fcb4f444-aced-4c75-be6d-a73c904175e7
92,E07000068,Brentwood, ,558560,196070,0.290091016557597,51.6410862267204,153117698.76741,72558.1495836345,8bf0f3ea-af25-44fb-bd80-c8a2934a2d3b
93,E07000069,Castle Point, ,579493,187920,0.588127120437213,51.5615975681292,44668061.9155807,163396.801737611,a837fde9-0928-4a32-ab78-b6734380f45b
94,E07000070,Chelmsford, ,572116,206972,0.491177396737577,51.7350377058698,342237210.422707,126545.454758137,df75b1b6-3873-4ee9-863d-78d58600be09
95,E07000071,Colchester, ,596947,223692,0.859819930516844,51.8770182918276,332325235.582184,318421.911725058,75d23dfa-928a-4943-9366-06f5009db75a
96,E07000072,Epping Forest, ,548919,203757,0.15414620909656,51.7127876530521,338975708.834915,123329.712744233,a44fe34a-318f-4fe8-870c-8f72572d96aa
97,E07000073,Harlow, ,545276,209589,0.103888124020173,51.7661437918879,30543700.8967896,28511.4665080652,7ddcd2ae-e88f-47c5-b430-7d163867ad9e
98,E07000074,Maldon, ,591413,212072,0.773106274670609,51.774588494215,357807995.815964,470215.136611334,3fb1c711-e913-4020-b396-98a3cfbd6ddf
99,E07000075,Rochford, ,585979,191417,0.683442280828215,51.590907990126,167091888.246765,234453.46560487,719ad1bb-4347-45a9-bf2b-bbd85148758e
100,E07000076,Tendring, ,614190,222141,1.10898138569975,51.8567446506979,336308206.076965,442521.004971401,49f18858-f555-4a40-a56e-83ac52385d31
101,E07000077,Uttlesford, ,557833,228863,0.29449903453898,51.9359029584178,641152728.467674,166619.224347436,648b5fc4-b42e-400d-82b3-ed834866a475
102,E07000078,Cheltenham, ,394925,222232,-2.07515574123103,51.8986170954944,46595493.5040131,38181.2991605061,b646f713-ef66-4917-a134-8be0f0dc3d6d
103,E07000079,Cotswold, ,402126,208209,-1.97058182422681,51.7725558984666,1164489004.44947,333673.551188598,72bdd509-2367-4a38-9fe3-38cda7e103f5
104,E07000080,Forest of Dean, ,367175,212759,-2.47755088228672,51.8124984959649,525885389.048061,190517.806083327,b4a9b835-dc79-4c08-a733-866e83628f8f
105,E07000081,Gloucester, ,384071,216449,-2.23263428649607,51.8464156889982,40553089.2726898,33539.6843710182,8fc1eb7d-8cb5-468f-be3c-80165ad23900
106,E07000082,Stroud, ,378807,202410,-2.30818743642594,51.7200132988574,460562027.079689,173152.595337376,3ffc7796-0d0f-44f3-b07e-e5a69f2b7d52
107,E07000083,Tewkesbury, ,386348,226281,-2.19997124067851,51.9348754857705,414385301.603737,204964.957196828,6c90f34b-f3ea-4219-8e67-6a37f448d7c5
108,E07000084,Basingstoke and Deane, ,454507,151423,-1.22023040521185,51.2593699264745,633811174.495274,143622.213623372,334b36cb-f668-42aa-bd8f-84be80f25dcd
109,E07000085,East Hampshire, ,474408,129247,-0.939657389289195,51.0577479073151,514413105.052132,144851.410247594,1ec0f5ca-5ff5-4c33-8d90-7e381c2960dc
110,E07000086,Eastleigh, ,447199,116807,-1.32947565842014,50.9487647992106,79691537.4805527,75975.5741289321,f33fc70b-5c97-4dd7-9798-32b4f05945f5
111,E07000087,Fareham, ,453774,106319,-1.23742841787042,50.8538849345984,74219755.191925,66919.346062866,fc54e856-0bea-41b5-ac38-4b855bdf65f2
112,E07000088,Gosport, ,458769,101088,-1.16731249358875,50.8063647654429,25373850.4149284,40164.4321588711,66518c9c-22bd-41c0-9ce7-d1be10510b13
113,E07000089,Hart, ,477985,154241,-0.883215055810578,51.2819808623232,215253775.105827,78043.477946972,ca9b3900-ba11-41e5-ac99-b15ad35af655
114,E07000090,Havant, ,470178,108564,-1.00398790463242,50.8723157382528,55751371.8297844,116764.125152766,606b528f-f03a-4f78-899d-e5c8f1950df3
115,E07000091,New Forest, ,428748,106524,-1.59292962171103,50.8575106733702,752111852.496819,331092.440765045,d706b0ec-3a8a-4bde-92ef-c6814f6e8e14
116,E07000092,Rushmoor, ,486022,153944,-0.768077299618687,51.2781554706676,39049590.276001,32056.5400637585,8fb26767-b370-4fae-8ba1-3c085b0e654b
117,E07000093,Test Valley, ,434930,137329,-1.50214508071209,51.1341696633617,627656661.648846,191089.578356772,177d0042-d925-491a-a1da-7d4be28cbc70
118,E07000094,Winchester, ,453115,125901,-1.24393809144109,51.0300221183955,660972544.382317,172324.788210938,05b1621d-e61d-408d-9d46-91ff10380b3b
119,E07000095,Broxbourne, ,534742,204251,-0.050733153230017,51.7208069555842,51456853.5466309,39087.0407086265,ddd4fc71-c571-412b-bdf0-7c9fb2d566ed
120,E07000096,Dacorum, ,500084,208745,-0.550980768798414,51.7684533882072,212479621.91333,110205.972165118,987b640e-a0e5-4c49-8253-bbb19ed0702e
121,E07000098,Hertsmere, ,519774,199352,-0.268990962924966,51.6801735759183,101127083.723381,61233.5551431596,e1895d68-4d22-4375-8e2f-4d97d536b5e4
122,E07000099,North Hertfordshire, ,522191,230250,-0.223160000623918,51.9573271426708,375379950.670502,168557.841289921,0c92acb0-2109-4348-acfc-da2cb1c1fe97
123,E07000102,Three Rivers, ,507313,196418,-0.450052634909218,51.6563200983173,88822699.8204575,74113.2646883357,92b7fef9-c4d9-4fa6-ae75-3669ecf16be6
124,E07000103,Watford, ,510441,198197,-0.404289563319583,51.6717047945665,21430351.4039917,26392.3637917563,3611e5a3-15c4-445e-85aa-18454d7de474
125,E07000105,Ashford, ,597640,140644,0.823374392812352,51.1309603182959,580640264.523735,149685.351421284,cae07662-7635-479f-b724-bf23bb898d64
126,E07000106,Canterbury, ,616031,158096,1.09632815554703,51.2810287769822,308737231.088013,134560.302725651,e8bf16e3-4034-408a-adbd-904300e2670d
127,E07000107,Dartford, ,556167,172917,0.245275876015599,51.4337347226444,72732637.53759,57310.7217562396,ff57f5d4-2f69-492d-9b49-bfbad6ee51c3
128,E07000108,Dover, ,628964,150942,1.27688726008173,51.2117616871273,315340653.273705,148390.390368576,233461e3-7798-426f-a806-82236063cfba
129,E07000109,Gravesham, ,566969,169114,0.398743938957699,51.3964921107229,98988298.1440811,60526.0473607195,d5de1537-9078-41ea-9427-e3883bb7d522
130,E07000110,Maidstone, ,580489,151670,0.584061099852731,51.2356630603236,393343860.88385,123209.820772634,d62ee447-a3c5-4b17-be8c-53b62e58a5fc
131,E07000111,Sevenoaks, ,552776,155218,0.188935893173563,51.2756301784779,370341378.74971,134520.10665413,925fdcb5-b3f0-4a3f-a6a5-245a7642b2cf
132,E07000112,Folkestone and Hythe, ,610318,134597,1.00079586747068,51.0721510398288,356912189.923744,149174.711529549,7d59aa99-a793-478f-b69d-ccd414eee738
133,E07000113,Swale, ,593583,161818,0.776892809016049,51.3225190255982,373441960.011757,347880.910311388,0f9d022d-67f5-46b7-8255-aa309e42e343
134,E07000114,Thanet, ,631839,166752,1.3282255102217,51.3525243749557,103609165.852631,65350.7692378753,d7580eaf-acb9-43e4-80a3-fd2da6084c4a
135,E07000115,Tonbridge and Malling, ,564014,153896,0.349304900746489,51.2606309192735,240119768.335052,133462.836081588,93aaa55e-d0a8-4e7c-864d-ae6b640444ca
136,E07000116,Tunbridge Wells, ,573139,136598,0.471631078442087,51.1025374611579,331285437.837357,152256.50142018,5e0f20e9-fddd-4009-91c5-efe6a30c354b
137,E07000117,Burnley, ,384886,430880,-2.23080727572804,53.7740488282412,110681548.19986,58021.1902230983,9fa4f42f-212d-48c0-b0d1-83ecde99662d
138,E07000118,Chorley, ,359188,419722,-2.61923057849707,53.672382694837,202756638.394241,115230.591203719,b7421bd1-e54c-4725-8130-65e3a292fdcd
139,E07000119,Fylde, ,339554,433811,-2.9191473683707,53.7970913986021,165692011.140167,138383.300936265,35572333-4242-4c5c-b903-030048dbc652
140,E07000120,Hyndburn, ,374407,428967,-2.38964340740714,53.7564441689902,72977157.6888885,42819.8602791277,528933dd-abc9-441e-a17f-235a6523bce1
141,E07000121,Lancaster, ,356896,464988,-2.66030437377015,54.0790096161305,567022474.167572,359837.175270127,db8bba9c-0e18-4f32-8cd7-72a85f55a81f
142,E07000122,Pendle, ,387638,443368,-2.18956011974665,53.8863623496653,169402560.197083,79346.3330771898,b23c8dcd-a84a-487b-83b9-d6c4fd2b7dec
143,E07000123,Preston, ,352828,436431,-2.71804947705806,53.8220140795709,142288493.4673,83246.6363698914,f3900520-fdfc-4941-bcd7-ee1ec87730bc
144,E07000124,Ribble Valley, ,372689,447677,-2.41737043129486,53.9245145280695,584466146.082153,151014.503099963,4b32ec92-8667-495e-b45d-b20f5ab0a6cf
145,E07000125,Rossendale, ,382827,420953,-2.2614923693217,53.6847623273083,138040938.808487,71574.5668009186,5deb2056-ef72-4a43-805f-191027d0b55e
146,E07000126,South Ribble, ,352017,425841,-2.72871585391679,53.7267656899911,113185041.960724,105732.215706868,c1ee40e0-d1ee-467e-9cf9-d1fc2198c479
147,E07000127,West Lancashire, ,342606,413271,-2.8690085826456,53.6128445345729,346632922.64991,227357.808856947,08a1132a-b587-4927-8623-e8d584dcc06c
148,E07000128,Wyre, ,347294,445159,-2.80360621623719,53.8999185011252,282381040.541351,212763.502571198,310cd5f1-a06a-4070-b753-b0f1d5b85f7c
149,E07000129,Blaby, ,454385,297994,-1.19887926083938,52.5770692441858,130496644.783119,100959.174694151,bd7a310e-19e7-4d4f-ba09-7fdfaa5eb353
150,E07000130,Charnwood, ,458365,316155,-1.13694823198926,52.7399019528445,279026392.501923,115434.554472691,c995ea9a-c36b-428f-a71c-7820942145e5
151,E07000131,Harborough, ,474550,293873,-0.902283537622274,52.5376414951838,592660334.886856,186882.766224426,a5a9a534-398b-4f25-9f3d-2e80bdb00340
152,E07000132,Hinckley and Bosworth, ,439538,301379,-1.41755405676987,52.6087763955852,297342008.410141,111663.848845715,95721949-d43e-4401-bf7a-a8506331d946
153,E07000133,Melton, ,477328,323469,-0.85440366558362,52.8032636173525,481387677.009995,141258.604439494,f7f4e36f-d901-4762-9c0a-8f109ccd244e
154,E07000134,North West Leicestershire, ,439107,316253,-1.42215827991296,52.7425132347116,279338266.389572,117244.103534027,3c20dcac-4deb-4695-96f7-943938d52a23
155,E07000135,Oadby and Wigston, ,461543,299379,-1.09300771688498,52.5887575197153,23525815.3473816,31173.7242086152,fcd1c868-b25d-4c06-8f8d-42d942ed39e1
156,E07000136,Boston, ,526851,343956,-0.112181048482785,52.9779720229888,363992695.663956,440738.950840598,340df53b-2be6-40b5-b585-332ebd93e33e
157,E07000137,East Lindsey, ,534861,376064,0.020516202526605,53.2644604014362,1766768498.60461,373229.917620888,8427b09c-5753-4ba8-8c5d-caa35902dd0a
158,E07000138,Lincoln, ,496347,370096,-0.558489041195941,53.2192134583558,35690272.5781708,32969.8765973622,5e0f3945-24b0-4d97-a27b-42bad2237c9d
159,E07000139,North Kesteven, ,502139,354789,-0.476646970531158,53.0805899593804,922473351.148239,181759.324020533,6a781ae2-02f3-4b86-925f-83f4ae4fcf3c
160,E07000140,South Holland, ,532910,322929,-0.030572808094969,52.7875963498978,750070943.311874,438558.060059568,95dd6ce5-1f1b-4c64-bd38-651958774539
161,E07000141,South Kesteven, ,501404,328986,-0.495682112148826,52.8488586330188,942575489.744339,209903.745414181,344beeb4-32e1-4b09-8a66-a5794648c4cd
162,E07000142,West Lindsey, ,499314,390326,-0.50774546027609,53.4004488587362,1155732856.03297,249612.634299276,3964f0eb-418b-4b54-bb16-d6e22614bc03
163,E07000143,Breckland, ,591015,303332,0.818716773478431,52.5942276208084,1305102744.79333,239745.226995308,367c5281-34c9-472b-996a-b4a61e78f9a3
164,E07000144,Broadland, ,619861,315909,1.25227260820627,52.6962217107656,552094739.609451,219270.649144097,4f0f05f0-7e11-4f4a-b984-4a98dbdb7681
165,E07000145,Great Yarmouth, ,646762,315881,1.64952499507193,52.684394911971,174276569.763794,146013.13405883,2c6801e8-1e08-46f9-bbbb-1ab41e30abf0
166,E07000146,King's Lynn and West Norfolk, ,571219,315807,0.533244510521247,52.7128564222609,1439509279.27678,696026.943828298,d4c0919f-720a-4919-ac14-5e57ebe21d31
167,E07000147,North Norfolk, ,611043,330857,1.13160946521211,52.8339032171399,967491991.189697,600161.273951023,28a8bd9d-799c-474a-b98f-3ca89bdacd57
168,E07000148,Norwich, ,622355,309773,1.28497877332095,52.6401335892924,38997724.9934235,52455.779644079,f548a2aa-ad10-450a-b9ea-91a2b8559d16
169,E07000149,South Norfolk, ,628991,295822,1.37324692038119,52.5121763635967,907645556.320404,267592.204152871,13480751-360d-4f24-ba90-66e4e577116b
170,E07000170,Ashfield, ,450035,355843,-1.2542199946817,53.0974712211036,109546005.068954,69379.2839161762,a1563123-a535-41ed-87cb-7ba542bc0e36
171,E07000171,Bassetlaw, ,468073,384835,-0.978700844057429,53.3560442853465,637795054.57663,159773.69923888,447f2085-a8a0-4813-8c17-e2d0e10f02a9
172,E07000172,Broxtowe, ,449829,341891,-1.25944700168906,52.9720858561353,80100874.2578583,66134.5118307367,36aef055-9909-4ee2-b04b-87804139d725
173,E07000173,Gedling, ,459184,347811,-1.11907660323092,53.0243462938423,119978466.99086,69800.5005594416,1d1efb30-7bb5-4609-a549-c5d3ee42d819
174,E07000174,Mansfield, ,455047,363637,-1.17804311654071,53.167031786984,76705395.1793823,51139.382105256,9f0d35d4-5cb1-4539-a019-b1ee38dc1be8
175,E07000175,Newark and Sherwood, ,470624,357451,-0.946435475550188,53.1096024361062,651340472.136459,187422.523890765,128680a9-4dde-4dd5-be15-ab6760fd7895
176,E07000176,Rushcliffe, ,466609,335453,-1.01093253186209,52.9124051142497,409223764.532196,123459.169413405,90b3001d-dfb4-4880-9f39-14b2d74036e9
177,E07000177,Cherwell, ,449301,221199,-1.28506031297123,51.8871841538239,588728924.406403,226172.321230944,5d4dfe01-1842-45b3-998c-f8b2df388bbc
178,E07000178,Oxford, ,452277,206368,-1.24405690616009,51.7535776114327,45602912.6826096,34999.6552172678,a78dca00-b580-465a-a894-36cc764bff67
179,E07000179,South Oxfordshire, ,463890,191964,-1.07847365378115,51.6228819963421,678502437.416466,205574.39725527,bb40f705-c786-4360-abe5-0f7c16ce5635
180,E07000180,Vale of White Horse, ,435697,195198,-1.48537777689021,51.6544467684909,578677901.21756,176654.163620118,55ea22a4-f871-41e8-8861-dec4e3f4545b
181,E07000181,West Oxfordshire, ,434343,215817,-1.50291986270992,51.8399152022555,714422285.45961,160469.02266463,2db7f5db-5b11-4b57-bed7-b2631515199b
182,E07000192,Cannock Chase, ,401261,311553,-1.98277233856112,52.7016657533704,78874734.7137985,50287.272691129,9e157360-c475-446a-8256-61b2acfbd8ba
183,E07000193,East Staffordshire, ,412599,326571,-1.81441437249016,52.8365275346482,389940891.829987,184522.866707827,86f222d4-ed1a-43d4-8c72-5f76551e0faa
184,E07000194,Lichfield, ,416276,310967,-1.76059838595194,52.6961581476342,331267748.679008,127614.587944593,44d99572-7d58-458e-8e03-43a657b08580
185,E07000195,Newcastle-under-Lyme, ,378201,345177,-2.32628895350628,53.0034783143328,210950870.423302,109482.316048792,eaf7af2f-7fed-45f6-a196-3fdca95eb5b2
186,E07000196,South Staffordshire, ,389624,311036,-2.15496632754844,52.6969166757058,407280176.008286,185203.585424225,74e60be6-ddef-4790-967a-f079f6341300
187,E07000197,Stafford, ,389000,327835,-2.16477143263107,52.847918406232,598184098.692223,160955.973163962,d2497967-ed22-42d2-a28d-16c36c75006d
188,E07000198,Staffordshire Moorlands, ,400543,352448,-1.9933446075955,53.069286875152,575893799.669174,153193.840206293,65107140-8be6-4511-a1ea-9277e61299f8
189,E07000199,Tamworth, ,421452,302547,-1.68455673785819,52.620287323007,30841237.1955185,30734.7931627421,2ff14e63-9899-4763-a03b-6b7fe8b518d1
190,E07000200,Babergh, ,599987,244692,0.916149104650889,52.0645018797268,595116006.959045,210653.512274487,376fb445-ec77-4464-a6c3-0ed625d0634b
191,E07000202,Ipswich, ,617163,244456,1.16617454849648,52.055923203596,39500711.3822632,45383.0474604774,c08d363c-c228-4db4-a973-07740bbba244
192,E07000203,Mid Suffolk, ,611646,262335,1.09695134861202,52.2185651985165,871063263.10997,191449.061861922,ba44aa83-059d-4246-9d9a-d30597a35d2b
193,E07000207,Elmbridge, ,511883,163655,-0.394400399630271,51.3609537684822,96343870.7642441,52374.0556164219,33797194-71a0-4f1f-b2bd-5033461fd021
194,E07000208,Epsom and Ewell, ,521176,161476,-0.261727675100544,51.3394656143843,34088041.8875961,28675.5304741305,d4fa8694-48aa-4114-b2e8-12fd078a5b50
195,E07000209,Guildford, ,500408,151481,-0.562579043596685,51.2536620418725,270944605.949356,129035.637566284,1f2194c0-96ea-49a2-b22d-ffe3e4cd3f13
196,E07000210,Mole Valley, ,518377,148953,-0.306038727902008,51.227498671878,258312228.399635,105875.337718115,9971dea8-8569-4db2-bc39-8df7f5b4db7c
197,E07000211,Reigate and Banstead, ,525786,152574,-0.198713580561657,51.2584601032106,129161832.368668,80207.9732073987,f920364c-1d51-4b43-ba0a-d5dc7a8c45e8
198,E07000212,Runnymede, ,501777,166980,-0.53854995641516,51.3927406119718,78025891.4561005,45732.1608805653,60642235-bbc0-4e5b-898e-8857c0ee0dae
199,E07000213,Spelthorne, ,507012,169622,-0.462539505708318,51.4155255519317,51171307.4148407,44178.880041849,e7839e93-1565-4026-9eed-d26304f8a0ce
200,E07000214,Surrey Heath, ,491364,160485,-0.689837506714765,51.3361247723004,95091790.7123108,53645.4944941518,5dbfaeeb-7497-4c27-b66d-118f3eeecf1c
201,E07000215,Tandridge, ,536362,150328,-0.048092787773726,51.2358458394399,248227477.637299,83233.688225881,0bf90ceb-9428-4841-ae48-e003b381fd75
202,E07000216,Waverley, ,496363,140635,-0.623432928838711,51.1568607009304,345198144.99213,126093.091132943,ab07fa2c-ea23-48eb-8e83-2e03e5bb8fcc
203,E07000217,Woking, ,499088,157544,-0.579810063798775,51.3083951817863,63609296.3765945,55061.011308961,8978cd27-bb67-4d0e-ac71-c6f96ec2f686
204,E07000218,North Warwickshire, ,425570,296402,-1.62420099621253,52.5648694782358,284306793.496544,113439.566470472,45a4d2d5-49cc-4148-accb-b12857f20abc
205,E07000219,Nuneaton and Bedworth, ,435420,289352,-1.47964406961627,52.5009427584358,78905769.8295135,48387.7985287133,17d81478-368d-4d67-9960-5dfc7384fa85
206,E07000220,Rugby, ,446498,276244,-1.31828035997912,52.3822797932377,353584229.300575,115335.467055669,4ba7dfb0-1b80-4e77-80d6-c6c73773a1c3
207,E07000221,Stratford-on-Avon, ,425019,251537,-1.63565758930543,52.1615568870362,977895420.817818,262212.854032085,0d89c11e-62ab-430b-a2d5-583b0e29763f
208,E07000222,Warwick, ,428484,267113,-1.58369689192721,52.3014204900747,282871533.30909,116855.14604214,20f2e67b-b709-49d3-af4e-440a634bae24
209,E07000223,Adur, ,518076,106472,-0.324175531191673,50.8457243902183,42068486.466526,60503.0145355846,affbc6ca-2a7c-4f81-b070-979e1d1f44a5
210,E07000224,Arun, ,495144,105723,-0.649996255860542,50.8432105058615,220995179.163116,156506.880206826,cdafe242-c5c3-41d7-95b9-a06c929af079
211,E07000225,Chichester, ,490285,116600,-0.716306606911189,50.94177595697,786186629.408623,297500.59185986,db898741-f2c6-4c5c-b92f-ba5de65a3f40
212,E07000226,Crawley, ,526390,137581,-0.195331517314312,51.1235742571339,44945279.2577438,38945.8525296376,4dcef992-18dc-4998-81e3-86e8967c8127
213,E07000227,Horsham, ,513674,123840,-0.381267350679462,51.0027242699321,530242793.055981,216047.638607466,1a64e018-c02d-404f-b253-a4590901c363
214,E07000228,Mid Sussex, ,533052,130624,-0.102752341639538,51.0595440711119,334023648.113667,133481.667008519,a9fc9ae9-4e60-4551-b429-298f7b4f1854
215,E07000229,Worthing, ,512679,104948,-0.401271757439352,50.8331002509364,32520154.6183281,29448.8836515488,66ae1c8c-aa30-477e-ab99-5e707204fadc
216,E07000234,Bromsgrove, ,399840,273736,-2.00376531192951,52.3616944115391,216972502.724274,113274.3401639,83898645-c8b5-4a1e-8f8f-4806ff9a594d
217,E07000235,Malvern Hills, ,377463,252198,-2.33092240036726,52.1675944844614,577085603.098091,231559.441790614,b5792c19-5b62-46d7-a88d-8e9cda3bc871
218,E07000236,Redditch, ,403705,265253,-1.94710013546562,52.2854186911435,54256306.4580383,41251.8728872696,3538b6dc-8f40-46b5-9b7a-4b588c9de524
219,E07000237,Worcester, ,385744,255190,-2.20997419745466,52.194771837666,33346529.61306,31375.0759875118,42d7ca21-4860-4338-9bb9-0799cb8d0ea7
220,E07000238,Wychavon, ,398991,247839,-2.01614718879903,52.1288688351678,663491913.46769,219697.734422676,b1d6e6f3-84a2-4a20-8d85-6975d7a11cd7
221,E07000239,Wyre Forest, ,384106,276388,-2.23494447929379,52.3853018738708,195437484.732124,101048.109972073,fca78f10-66b3-44de-970e-012f2587d3e2
222,E07000240,St Albans, ,514580,209623,-0.340706136299759,51.7735670014862,161206621.037239,72948.2505241459,3ea8c5d7-2088-4bc1-956d-57b5ff92cdba
223,E07000241,Welwyn Hatfield, ,525345,208467,-0.185180087409199,51.7608731795515,129543431.313179,82368.6400155694,d54f6412-54b4-415e-a9d5-e8a8ebfd8688
224,E07000242,East Hertfordshire, ,537995,220370,0.002738883012513,51.86485819315,475667799.078766,135228.363179415,c57790d8-2645-4300-82d5-d42535ae8375
225,E07000243,Stevenage, ,524622,224531,-0.189871591723037,51.9053950701622,25969241.2827988,28588.2613601352,6fef7fff-ed20-4095-b2bd-20a2967a6c73
226,E07000244,East Suffolk, ,636043,266291,1.45619925270024,52.2441664987832,1260964188.51729,584052.945648873,0211154c-fe51-4c10-8be7-9b89fc51da34
227,E07000245,West Suffolk, ,580941,271121,0.652723473293825,52.3084027133745,1034734449.08925,275080.54256256,ba0809a8-04f4-4678-aeb1-399f7a573651
228,E08000001,Bolton, ,368352,409874,-2.47952053247137,53.5845069545676,139783107.641617,82693.285085366,346b731c-721a-4df7-8b1a-981e01b73e58
229,E08000002,Bury, ,379658,410767,-2.30880276446229,53.5930958133068,99458514.2032928,68688.5897419365,f4f44b85-c2fe-4e82-a363-803e19be5da4
230,E08000003,Manchester, ,384591,397063,-2.23359511298555,53.4700902761186,115653401.766663,86892.4090733304,d17bc936-d4d0-4776-88ad-cd6ab09ed66b
231,E08000004,Oldham, ,396603,406784,-2.0527489654776,53.5576838761744,142344981.982239,71147.5239867291,442eac62-b1a5-497c-ab26-0ae791ae69ff
232,E08000005,Rochdale, ,390315,412326,-2.14784438218074,53.6074163849577,158123788.155838,82893.0937463304,238fb6aa-514a-4ca5-b3e0-fc684660d723
233,E08000006,Salford, ,374556,398128,-2.38485156928281,53.4792712594577,97197278.8452148,63268.7941713104,32e89271-8852-4b85-92b9-96f971ea1da0
234,E08000007,Stockport, ,391807,388258,-2.12465833481928,53.3911100571803,126052653.572174,74143.6380078439,b341116b-39f7-4641-97a0-fa65adeaabad
235,E08000008,Tameside, ,394987,397995,-2.07700155068963,53.4786713364204,103152055.204788,55935.6873164236,9b35a0d9-801a-4269-ae7d-097b20dc418f
236,E08000009,Trafford, ,375790,391163,-2.36572096048419,53.4167258058226,106042088.379715,60950.1495203625,ef4cca85-7915-4652-bf54-aab0743b2441
237,E08000010,Wigan, ,362139,402126,-2.57242473954887,53.5144549479669,188158511.113403,89158.3665197655,0552b8e2-ec7b-4a0e-aaeb-0d10922334aa
238,E08000011,Knowsley, ,344762,393778,-2.83297855126112,53.4378857666446,86500060.7560806,68167.3691636976,2ca283a0-7056-40cd-8e8f-4b02dbae0c3a
239,E08000012,Liverpool, ,339359,390556,-2.91367963533719,53.4083336313455,111841855.164696,62719.5071795521,c81af603-6d27-49fb-842a-69103edf65b3
240,E08000013,St. Helens, ,353413,395992,-2.70309272762455,53.4586219733771,136356994.084129,76635.8837989708,b97d115e-05a0-4c28-a6ed-03a169da2954
241,E08000014,Sefton, ,334282,398835,-2.99177121672535,53.4821291867759,156591233.062523,130249.882025303,b4102987-5c49-4c9e-b51d-726e51921150
242,E08000015,Wirral, ,329109,386965,-3.06703399399816,53.3747821455288,160923505.651375,133923.076636455,5bc5545c-7a6d-4b6d-a790-88e5a829a195
243,E08000017,Doncaster, ,459167,403733,-1.10894686335418,53.5269575560704,567993366.18158,171230.191365631,f1022c61-47e8-4327-9f99-e059e2ee688f
244,E08000018,Rotherham, ,447542,388980,-1.28651469150559,53.3955378485312,286534367.672592,106151.964176801,2266d8ec-0cda-4e58-9389-38bd094e9e9c
245,E08000021,Newcastle upon Tyne, ,422287,569661,-1.65296988637282,55.0210025641606,113450641.938889,65219.4996747811,04802a02-0008-470c-b6d6-7b5c7c273e34
246,E08000022,North Tyneside, ,431485,570602,-1.50901077232071,55.0289643645779,82456791.1412354,65360.4982295268,7f93fb4f-2fc2-42a7-8a90-90e2dda79721
247,E08000023,South Tyneside, ,435505,564057,-1.44693543976587,54.9698827830656,64432564.3805542,50424.0390931196,9dff510e-7c9f-487f-a3b3-524dc37e0f2f
248,E08000024,Sunderland, ,436455,551514,-1.43368026418422,54.8571064026756,137373242.897934,100529.58239594,e58d3273-2145-4cca-b2c5-9a204b349e67
249,E08000025,Birmingham, ,408150,287352,-1.88141159043116,52.4840439659834,267779430.727524,106288.294123023,46cd3a67-156a-4ddc-9792-8183350e16c6
250,E08000026,Coventry, ,432809,279689,-1.51905185780908,52.4142376613835,98649500.8869553,54150.0946875102,9deabf00-3c2a-44cb-a824-a07831925c9f
251,E08000027,Dudley, ,393191,288584,-2.101714422276,52.4951351716316,97973670.7884598,75343.4095638905,c9ab74e1-12fc-4b81-a5a9-bef8b6f91aff
252,E08000028,Sandwell, ,399573,290764,-2.00771605652023,52.5147773174625,85567385.7669373,59232.5140779689,a35088ef-09f1-4557-b643-d7bc0583de5d
253,E08000029,Solihull, ,419434,281483,-1.71558831971608,52.4309997874037,178296417.063843,101113.428360442,6d46dd41-6b13-4268-9644-1afd355f7d08
254,E08000030,Walsall, ,402099,300807,-1.97043396087493,52.6050593217618,104003763.379051,59513.3577668012,46cc9a2c-c367-4d58-a6fa-e4babaae3c98
255,E08000031,Wolverhampton, ,391463,300016,-2.12746370380929,52.5978828034107,69442618.1509476,56229.1332381639,aff7e5de-32bf-4d22-a3a8-ee7de410fbf6
256,E08000032,Bradford, ,408395,438626,-1.8738953031644,53.843826298987,366387606.49115,136042.732060853,b06d697b-b023-47c5-ab24-ca00b671ba28
257,E08000033,Calderdale, ,402618,424895,-1.96180643657094,53.7204729716447,363962000.32135,107850.453123153,2179911d-34a9-4f13-a7cc-f664cf7c08c9
258,E08000034,Kirklees, ,414586,416223,-1.78085073665883,53.6423340079582,408551663.956711,125668.530197687,6a6a882b-0a27-42f5-8273-12c23b543cc5
259,E08000035,Leeds, ,432528,436384,-1.50736109698476,53.8227327405479,551697984.217957,161784.307457665,c59cff1e-5961-40a1-bf7f-f3f12897126e
260,E08000036,Wakefield, ,438367,418231,-1.42091075561148,53.6591849917274,338608695.456741,109463.207471603,08faa05a-d33f-4a54-83c4-9ec515908a38
261,E08000037,Gateshead, ,420158,559652,-1.68696493443684,54.9311516885795,142344543.832825,90343.232494547,3f8c4f8f-effb-48e6-b073-87383edd1c6c
262,E08000038,Barnsley, ,429979,403327,-1.54925875591382,53.5257748670121,329004086.404373,126723.614464912,f52062d0-f904-4ee7-958f-3731f869a6be
263,E08000039,Sheffield, ,430511,389736,-1.54254831201168,53.4035862918343,368004513.724609,133142.523901611,fe9b0b1e-5006-4611-a92d-28e87a445d58
264,E09000001,City of London, ,532382,181358,-0.093518996169438,51.5156437265168,2889679.52843475,9404.71897341589,815343e4-ea18-4329-8946-e39a6c9e8577
265,E09000002,Barking and Dagenham, ,547757,185111,0.129479201353285,51.5455560723607,36101385.2197418,40936.5577322696,f05fa7c3-b9ee-4b63-956f-698a3bc54fef
266,E09000003,Barnet, ,523473,191752,-0.218196698177717,51.6110720745756,86767035.2947845,50941.2603928197,7618bc68-9dcc-4885-a253-98b5fbc9b236
267,E09000004,Bexley, ,549202,175434,0.146212422137895,51.4582262886293,60572215.1137161,47962.4270522328,2b8e2974-6391-41e0-afc3-e3434e45bc88
268,E09000005,Brent, ,519615,186465,-0.275687257577691,51.5643872586302,43236365.6387024,38441.5566438301,d3836fd5-1b5a-4095-9b29-6bcaa199f553
269,E09000006,Bromley, ,542036,165707,0.039245697322528,51.3726630327074,150126941.207382,76229.2108679804,019753e5-f4e0-4f66-a02d-a7ab320d6106
270,E09000007,Camden, ,527491,184283,-0.162909512194748,51.5430545239425,21778578.4040451,26245.7759639728,ccfb4dac-5b43-4568-b3bb-26f48310ca74
271,E09000008,Croydon, ,533922,164745,-0.077617330790335,51.3659865413306,86466112.5144577,58749.96968131,5b8e9770-2fa5-4756-a6cc-d8be11890b3d
272,E09000009,Ealing, ,517055,181959,-0.314101124635848,51.5244251666571,55542068.0657959,47461.8289720195,c3535eaf-6fad-4bb2-9af1-4323b6ddfc48
273,E09000010,Enfield, ,532831,196198,-0.081442418639182,51.648896234217,82169741.7557602,41084.792549514,3e2e3bd1-abe1-434f-97b6-07c5b473e011
274,E09000011,Greenwich, ,542507,175878,0.050092546872319,51.4639396841182,47311234.6207123,47635.6775347649,51e94d9f-7cd7-4c78-8837-043a99a2842f
275,E09000012,Hackney, ,534560,185787,-0.060457799920793,51.5549294840465,19043878.1195908,25441.8406022638,dccecbbb-a37b-4ad7-9897-93a13280bb2b
276,E09000013,Hammersmith and Fulham, ,523867,177993,-0.217351369863019,51.4873307417132,16401379.0278397,23971.7520735287,49486208-a591-41da-a4df-163fe1722a32
277,E09000014,Haringey, ,531260,189349,-0.106700614870669,51.5877171130338,29606188.7651672,29085.5089591334,bef563e7-5660-4515-bf15-a4cee2a888a4
278,E09000015,Harrow, ,515359,189736,-0.335987578137547,51.5946714598661,50464270.3953171,33811.7912868057,827e0fb5-e7ec-4ac2-9013-b1e678abed63
279,E09000016,Havering, ,555032,187514,0.235368146542089,51.5651966637982,112335891.939301,63737.4011744855,8a59aa74-3641-4c74-9155-a19cd69e0b5a
280,E09000017,Hillingdon, ,508168,183121,-0.44179441927637,51.5366398106136,115708043.012039,63970.3684356732,6068e476-70af-4c7b-bf5c-9ce99903d9eb
281,E09000018,Hounslow, ,512737,174959,-0.378550025305828,51.4623864651669,55962117.2720032,64519.7482686088,09afa766-3ed2-420b-b155-d054f568a75f
282,E09000019,Islington, ,531160,184645,-0.109896387674631,51.5454678972023,14858041.7116089,20747.7400821941,c17714b7-b8ca-422f-bcd2-d3a3e5ae799b
283,E09000020,Kensington and Chelsea, ,525756,179054,-0.189780888397153,51.4964496538782,12125681.7652969,21026.5972706199,a96be13b-5bf0-4ecd-a110-2f48e063970e
284,E09000021,Kingston upon Thames, ,519508,167389,-0.283678526726274,51.3929624344959,37254441.9243088,37623.5029673277,18583bbc-85b9-45ef-8bd4-7c6041718bd8
285,E09000022,Lambeth, ,531118,175629,-0.113850894948143,51.4644530721417,26807014.5018387,34049.0953066708,d5fd5b30-dd8c-4309-b96b-456ee0417041
286,E09000023,Lewisham, ,537888,173343,-0.017344400164415,51.4423023379216,35146120.8808746,41215.4259938076,82b7016b-0211-4d1d-8957-4cf5f30a8d40
287,E09000024,Merton, ,526068,169508,-0.188686763086986,51.4105880711204,37624038.4056473,32439.9378512547,33e15941-e06d-4ee6-9da2-d8cdd8b62aa2
288,E09000025,Newham, ,540713,183346,0.027260944261224,51.5314952861677,36195900.8411026,35881.6919029928,e1137591-efb9-4f41-a7fd-21632e359b36
289,E09000026,Redbridge, ,543512,189477,0.070085069194342,51.5858816812585,56396130.9132233,50567.8753294738,da70e97a-4ccc-4778-b087-af178b9c82a2
290,E09000027,Richmond upon Thames, ,519005,172650,-0.289139974025172,51.4403520537966,57387420.3469696,68919.4415609753,22552fd1-3fb8-48cc-ac27-512fe41b0047
291,E09000028,Southwark, ,533945,175869,-0.073088291195771,51.4659482175984,28877696.9711151,34597.1095168698,b25e47af-4d2d-4cc9-89d3-d185c64ce285
292,E09000029,Sutton, ,527357,163639,-0.172265132180676,51.3575546996773,43846389.2904892,39931.5591984618,becd0e65-98c8-4e28-b3ed-d13f60c1d51a
293,E09000030,Tower Hamlets, ,536340,181452,-0.036475638411882,51.5155475381046,19770868.3723602,28755.0596991314,56e55229-e9a1-4dfc-b898-e76407182c4b
294,E09000031,Waltham Forest, ,537328,190278,-0.018803060851025,51.594619289138,38810231.8267899,33346.5832152322,4bc26b95-0c65-4798-929c-8c4a89bece89
295,E09000032,Wandsworth, ,525152,174138,-0.200216729402049,51.4524022247184,34261867.6138916,38840.1622989941,25eb5509-ec07-424d-b406-c1c28a2dce5c
296,E09000033,Westminster, ,528268,180871,-0.152953011059152,51.5122151922723,21482611.4709702,27534.1177366535,21bc6442-bfa0-4506-85e6-7440cb9746a5
297,N09000001,Antrim and Newtownabbey, ,130813,541285,-6.17760147933698,54.693860547596,728186534.01133,165066.961090158,f851cf7e-bcaf-47c5-ab98-0bdc79340d04
298,N09000002,"Armagh City, Banbridge and Craigavon", ,112110,508158,-6.43455315528277,54.3867060864603,1437068573.07787,242954.335395177,8aba77b7-a49b-4bc2-af9f-783334ec9a6e
299,N09000003,Belfast, ,146465,529747,-5.92535183899146,54.598534117596,137716652.025108,65866.7852260913,03b9642b-21b9-43c7-9047-a9353a4888f5
300,N09000004,Causeway Coast and Glens, ,106168,581420,-6.59960692529235,55.039620845794,1985534670.71793,381026.18387915,c7c8d44d-3fe7-4e87-b1fb-e37316de9c64
301,N09000005,Derry City and Strabane, ,51779,559566,-7.42064242249095,54.8090448475735,1251241583.00777,271396.680664788,3f5857ae-e840-4531-9f37-54f7c91cbbcf
302,N09000006,Fermanagh and Omagh, ,41233,513013,-7.52710363680606,54.3852125866926,3012114892.36445,426437.771573504,acc916f8-a499-4dc1-96a9-1e7c1f79877b
303,N09000007,Lisburn and Castlereagh, ,138712,518920,-6.03545452946393,54.4975258943618,510438048.321678,167278.148593367,c06825f4-18dd-40f3-a313-d8ded6e75b62
304,N09000008,Mid and East Antrim, ,133943,560151,-6.14645756222719,54.8646246726302,1061355460.93539,234604.730290033,e2dc3cd3-ace7-4427-ba7e-3e83964f1144
305,N09000009,Mid Ulster, ,83920,528564,-6.88890659095693,54.5527354982075,1957293776.36245,318306.174447411,674e1b20-93ba-4e28-821f-f53486427d11
306,N09000010,"Newry, Mourne and Down", ,133006,480432,-6.08891224890612,54.1495367643008,1682340596.71436,379481.085042417,196c3764-ab0c-4799-820a-d357dd29a128
307,N09000011,Ards and North Down, ,164321,524944,-5.64568907441521,54.5640976428678,566472991.397125,203348.873507994,10bc1019-e6d6-45de-a40f-b64422d602ad
308,S12000005,Clackmannanshire, ,291178,696402,-3.7531656289705,56.1478476833671,159184322.803131,96932.1853621479,c4f1b2c5-8f75-426b-9f7b-472001f1d4ac
309,S12000006,Dumfries and Galloway, ,270645,579856,-4.02863412628135,55.0962112229666,6436566794.27123,1207316.82311273,e9fab7a5-189c-48f3-935b-7687c1722adf
310,S12000008,East Ayrshire, ,255398,624935,-4.29057347448726,55.496742490367,1270345620.12602,341229.637684912,958fa81d-ff07-4b7c-b523-1ffe77bd4d9f
311,S12000010,East Lothian, ,354854,672351,-2.72435199225047,55.9420698995637,679241518.212814,202129.942845477,8b631a07-2269-41c9-ad94-5c9f8fbcabbe
312,S12000011,East Renfrewshire, ,251930,653115,-4.36058456735283,55.7486883828545,174247283.888596,94003.9546714667,7248c238-f60d-4430-bbae-c6302b59f38c
313,S12000013,Na h-Eileanan Siar, ,126473,932862,-6.65722410127987,58.1993889845805,3096601251.373,3879511.87217336,01076bc2-9cf0-48bf-bb21-561f4596e77c
314,S12000014,Falkirk, ,285585,680170,-3.83619168780606,56.0007769602936,297137053.726685,169092.368700772,aa5fcdea-07ae-477b-9c5a-83f657d9e0df
315,S12000017,Highland, ,241018,858292,-4.661037925246,57.5865697182062,26158669774.9526,5237507.35854047,892d4951-2868-4ea7-8396-954ec7ac0bfb
316,S12000018,Inverclyde, ,227922,670894,-4.75387004247116,55.900307215112,161945311.524094,79271.4344567225,ebbbb76d-a5ab-41d8-82d1-1f934a4800f8
317,S12000019,Midlothian, ,330088,659217,-3.11737997897909,55.8211164342286,355272032.874893,126469.546923933,e95ed129-4779-43ec-b94a-bc105cf6239b
318,S12000020,Moray, ,328015,843590,-3.20202718736813,57.4768094497754,2237560483.03833,464914.471783793,e7c66e68-7a3e-4582-b73a-820250087ba5
319,S12000021,North Ayrshire, ,228996,651640,-4.72460408658964,55.7278923575223,885288942.7994,350473.068159589,9f471955-2740-4986-9338-082579c609f8
320,S12000023,Orkney Islands, ,348293,1006584,-2.9002513474248,58.9433414334139,1015008248.3524,1205811.33536631,f8b227e4-9cbe-46b7-8e51-633b1de38fd9
321,S12000026,Scottish Borders, ,345889,626137,-2.85869450961246,55.5259579037258,4739163908.37103,514469.415034502,2a43a5a2-6ab9-4735-8af4-55d7b14c7722
322,S12000027,Shetland Islands, ,434516,1180307,-1.37344193376241,60.5049505410644,1468641719.56458,2351674.82815821,d506512e-5d70-4c2e-9907-4f10569c103d
323,S12000028,South Ayrshire, ,226545,596271,-4.72899787772509,55.2300868150208,1224366213.66503,335002.49434209,0891f4c0-f026-4b84-8ba7-9d2feea0a4ff
324,S12000029,South Lanarkshire, ,284634,636071,-3.83272187836701,55.6045305998103,1773890826.38164,284742.6768759,3019ccf4-acdb-4973-b3d9-571e5b37a0be
325,S12000030,Stirling, ,255980,708769,-4.32595595808063,56.2495321641632,2252536843.30415,375011.531017505,92ff7453-891b-4688-8664-bafad4a7add5
326,S12000033,Aberdeen City, ,387763,808479,-2.20398296702085,57.1669794475617,185572738.074036,123490.465004791,723dc843-3468-415a-a748-af95462a9989
327,S12000034,Aberdeenshire, ,352284,816277,-2.792088642884,57.2346970112953,6318005866.91515,795143.165273411,50808a5f-90a2-4b6a-801f-59627254ecd4
328,S12000035,Argyll and Bute, ,200740,715443,-5.22114600127962,56.2894454749658,7005338477.58164,3811792.54362886,81ae4b54-dc67-445b-936c-695b91aca8fc
329,S12000036,City of Edinburgh, ,320193,669417,-3.27826781089708,55.9112027992836,263394255.313965,110580.726879179,1e01d21b-3b32-4db2-8e5a-2c9529ce258d
330,S12000038,Renfrewshire, ,239305,664698,-4.56834327696984,55.8486290758342,261489124.232056,131829.298723825,99686ea0-4d3f-4213-954f-de62c5e31195
331,S12000039,West Dunbartonshire, ,242904,681586,-4.52074706642337,56.0014023740888,177311977.315079,103776.154593261,c15e769b-2d24-4026-b519-3e4241921d17
332,S12000040,West Lothian, ,299483,668514,-3.6090984292886,55.8992094773194,428768188.53334,135253.431380468,4d53ef6b-4ac1-4f83-8d5d-fff7dc95dc61
333,S12000041,Angus, ,345506,759636,-2.89210418561443,56.7251839302899,2185041777.12332,329457.893278418,ffbc0764-8fc2-428b-8c83-f75e2918dbac
334,S12000042,Dundee City, ,340291,732145,-2.97095265352332,56.4776085334464,59799776.6939392,47896.990440967,af3ce82e-9146-4af3-b31b-cbc50d8f0459
335,S12000045,East Dunbartonshire, ,261240,676154,-4.22417865447272,55.9582929748011,174489367.389282,99576.4873828916,3ec32673-d290-492f-b88c-ba5e589d1dc7
336,S12000047,Fife, ,339187,704720,-2.98251398558036,56.2311150749972,1325189212.13971,358455.831421429,b8b5bf80-4e57-424a-a07c-bdcd2d45c67c
337,S12000048,Perth and Kinross, ,284302,744185,-3.88484036721821,56.5752839704112,5383771409.25932,633265.291368945,3e7dd2c1-9095-405d-8312-df90b16ae7bd
338,S12000049,Glasgow City, ,261534,667033,-4.21479689154041,55.8764898939416,174622931.226044,135601.974148524,0ae057db-c7d5-4aa3-93fb-67c9f888841d
339,S12000050,North Lanarkshire, ,277984,665608,-3.95140467919849,55.8681436997905,472299789.69725,164151.600913007,3829e64c-2fa7-4f05-a658-e237f5e8d644
340,W06000001,Isle of Anglesey,Ynys Môn,245217,378331,-4.32298125602135,53.2793141937216,715199413.743271,379523.191684195,cce87880-aa80-4b2d-846d-19df5b6a07d1
341,W06000002,Gwynedd,Gwynedd,280555,334966,-3.77715656077143,52.898837828452,2548576767.00682,643955.531276358,44216986-e425-4060-88e6-a19e2278adaa
342,W06000003,Conwy,Conwy,283293,362563,-3.74646147540576,53.1473991983906,1130179357.36613,283264.557710418,92cab8ed-ae1b-4d55-8faa-1b9a5736a17b
343,W06000004,Denbighshire,Sir Ddinbych,309843,355416,-3.34761018825551,53.0883318819846,838714917.262192,228749.336352567,b6df9720-92f2-45ed-a28d-a2713abda041
344,W06000005,Flintshire,Sir y Fflint,321134,369280,-3.18248206971383,53.2147184168283,439830836.515587,239004.7431435,eb9316ef-8193-4764-8bc3-f94743b73911
345,W06000006,Wrexham,Wrecsam,333523,345387,-2.99203321849016,53.0016730955879,503770642.699158,190048.399666585,7293169c-6fd2-41bf-bef0-98611672a05f
346,W06000008,Ceredigion,Ceredigion,267127,268437,-3.94993038498858,52.2979532579948,1788362769.85508,384796.893712726,ea034594-590e-43bb-9f4b-5ba2f362f93a
347,W06000009,Pembrokeshire,Sir Benfro,199821,221391,-4.90818402413414,51.8551266766636,1618257392.51937,755508.822929956,eacd1eae-9ea2-4142-931d-cebb3699345e
348,W06000010,Carmarthenshire,Sir Gaerfyrddin,247955,224133,-4.21109120617508,51.8949566044775,2371120633.73749,592240.787798908,deae4d6d-0cfb-40ae-ba37-4ac3770f745d
349,W06000011,Swansea,Abertawe,264022,197308,-3.96723204067799,51.6580660129972,377643636.615265,273064.795643249,d5df22a8-99b9-40fc-85c7-c9c92b2dee3a
350,W06000012,Neath Port Talbot,Castell-nedd Port Talbot,279261,195412,-3.74638268363108,51.6445086632169,442274006.653465,182165.420882783,d8b3ff94-e038-4360-9fc1-c8c62d97010c
351,W06000013,Bridgend,Pen-y-bont ar Ogwr,288231,185870,-3.61375859807822,51.5606020315645,250785304.802132,93192.1963262807,84d77c55-e916-4df3-b343-554256997607
352,W06000014,Vale of Glamorgan,Bro Morgannwg,302947,173080,-3.39801573861541,51.4483606503231,331261394.891743,108403.16231641,2cf79833-1cfc-4972-8ed2-b0635fc0e3ce
353,W06000015,Cardiff,Caerdydd,315272,178887,-3.2220947956523,51.5025445141056,142303982.375374,79590.2081006565,2cf6c6e8-5a4f-4206-843d-43a3cab62890
354,W06000016,Rhondda Cynon Taf,Rhondda Cynon Taf,302237,192395,-3.41359760419129,51.6218574814379,424152346.77774,130212.854183576,9561a21e-90d9-473f-9996-5d5e4ffc2cea
355,W06000018,Caerphilly,Caerffili,317245,195259,-3.19753769913145,51.6500132025456,277386291.900936,116220.388243187,f4305241-3b77-4d8f-b415-f515f84631bd
356,W06000019,Blaenau Gwent,Blaenau Gwent,318236,206771,-3.18592121600941,51.7536433892443,108728050.004372,65601.7710730727,3f602af9-3a4c-4445-a099-44c5bd4dcd89
357,W06000020,Torfaen,Torfaen,327459,200480,-3.05101874132326,51.6983610379427,126240979.289165,82554.336126883,1c3eb529-b145-4eb7-84a6-b17ba581cbff
358,W06000021,Monmouthshire,Sir Fynwy,337812,209231,-2.90280583928635,51.7782778087928,850312903.275013,224920.512820331,640aefaf-22cf-49c5-a974-b43fce5f28c9
359,W06000022,Newport,Casnewydd,337897,187432,-2.89768984987477,51.5823105778084,190438003.446358,153232.897017369,2cb099b7-0b64-4778-b41c-80d1cb832bae
360,W06000023,Powys,Powys,302329,273254,-3.43531801861781,52.3486390469081,5195310038.2693,611011.547196214,ef0eb86c-2311-4027-9e84-1a6520f67a65
361,W06000024,Merthyr Tydfil,Merthyr Tudful,305916,206404,-3.3642522722072,51.748409066142,111956283.577446,66951.1267677845,4e7c9bc6-1f3a-43ec-b9dc-efb3e2edfe25
